{
    "tableName" : "ADB_QRYADBMAIN_STAT_MAIN",
    "tableFieldPrefix":"",
    "tableClassFilename":"",
    "tableClass":"QryAnomStatMain",
    "links":[],
    "tableRowClass":"QryAnomStatMainRow",
    "columns": [
        {"name":"id","keyPosition":0},
    ],
	"clientConfig":{
		"roles":"",
		"keyField":"id",
		
		"gridColumns":
			[
				"ref_no|cap=Ref.No.;center;wd=80",
				"title|cap=Anomaly Title;mnw=100",
				"type_desc|cap=Anomaly Type;wd=160",
				"curr_act_desc|cap=Risk Level;center;wd=80;color",
				"status_desc|cap=Status;center;wd=80",
				"asset_desc|cap=Asset;mnw=100",
				"equip_no|cap=Equipment No;wd=100",
				"action_party_name|cap=Action Party;wd=110",
			],			
	},
    "tableCode":"anomstatmain",
    "description":"Anomaly Status Main"
}
