{
    "tableName" : "ADB_QRYADBMAIN_STAT",
    "tableFieldPrefix":"",
    "tableClassFilename":"",
    "tableClass":"QryAnomStat",
    "links":[],
    "tableRowClass":"QryAnomStatRow",
    "columns": [
	{"name":"AnomCount","keyPosition":0},
    ],
	"clientConfig":{
		"roles":"",
		
		"gridColumns":
			[
				"AnomStat|cap=Anomaly Status.;mnw=120",
				"AnomCount|cap=Anomaly count;center;wd=100",
				"Perc|cap=Percentage;center;wd=100",
			],			
	},
    "tableCode":"anomstat",
    "description":"Anomaly Main Table"
}
