{
    "tableName" : "ADB_QRYADBMAIN",
    "tableFieldPrefix":"",
    "tableClassFilename":"",
    "tableClass":"QryAnomMain",
    "links":[],
    "tableRowClass":"QryAnomMainRow",
    "columns": [
        {"name":"id","keyPosition":0},
    ],
	"clientConfig":{
		"roles":"",
		"keyField":"id",
		
		"gridColumns":
			[
				"ref_no|cap=Ref.No.;center;wd=80",
				"title|cap=Anomaly Title;mnw=100",
				"type_desc|cap=Anomaly Type;wd=160",
				"curr_act_desc|cap=Risk Level;center;wd=80;color",
				"status_desc|cap=Status;center;wd=80",
				"asset_desc|cap=Asset;mnw=100",
				"equip_no|cap=Equipment No;wd=100",
				"action_party_name|cap=Action Party;wd=110",
			],	
		"gridColumnsStatus":
			[
				"CanomStat|cap=Status;center;mnw=120",
				"count(status_desc)@TOTAL|cap=Total;center;wd=120",
				"count(status_desc)@TOTAL|cap=Percent;center;wd=150;format=2%",
			],	
	},
    "tableCode":"anommain",
    "description":"Anomaly Main Table"
}
