{
	"headerHeight": "0px",
	"headerStyle": {
		"font-family": "Futura-Book",
		"padding": "5px",
		"display": "grid",
		"grid-template": "1fr / 1fr",
		"justify-items": "end",
		"align-items": "center",
		"background-color": "auto"
	},
	"chartBackgrounds": [
		"#dc3545",
		"#28a745",
		"#ffc107",
		"#17a2b8",
		"#6c757d",
		"#007bff",
		"#6479a4",
		"#ffe495",
		"purple"
	],
	"chartBackgroundsBySeries": [
		{
			"series": "OPEN",
			"color": "#dc3545"
		},
		{
			"series": "CLOSED",
			"color": "#28a745"
		},
		{
			"series": "CANCELLED",
			"color": "orange"
		},
		{
			"series": "CONTAINED",
			"color": "blue"
		},
		{
			"series": "ISOLATED",
			"color": "violet"
		},
		{
			"series": "On Progress",
			"color": "#dc3545"
		},
		{
			"series": "Complete",
			"color": "#28a745"
		},
		{
			"series": "Initialized",
			"color": "#007bff"
		},
		{
			"series": "Cancelled",
			"color": "purple"
		},
		{
			"series": "Extended",
			"color": "#ffc107"
		}
	],
	"filters": [
		{
			"name": "year",
			"label": "Raised Year",
			"params": {
				"source": "anommain",
				"value": "RAISEDYEAR",
				"display": "RAISEDYEAR",
				"sort": "RAISEDYEAR"
			},
			"data": []
		},
		{
			"name": "asset",
			"label": "Asset",
			"params": {
				"source": "anommain",
				"value": "asset_desc",
				"display": "asset_desc",
				"sort": "asset_desc"
			},
			"data": []
		},
		{
			"name": "anomtype",
			"label": "Anom Type",
			"params": {
				"source": "anommain",
				"value": "type_desc",
				"display": "type_desc",
				"sort": "type_desc"
			},
			"data": []
		}
	],
	"tabs": [
		{
			"name": "anoms",
			"label": "Anomaly Summary",
			"nopad": true,
			"reportTitle": "Anomaly Summary",
			"style": {
				"grid-template": "auto 1fr auto / 1fr 1fr",
				"grid-template-areas": "\"hdr_list hdr_list\" \"anom_list anom_list\"",
				"gap": "3px"
			},
			"headers": [
				{
					"name": "hdr_list",
					"items": [
						{
							"type": "filter",
							"name": "asset"
						},
						{
							"type": "filter",
							"name": "anomtype"
						},
						{
							"type": "filter",
							"name": "year"
						}
					]
				}
			],
			"tables": [
				{
					"name": "anom_list",
					"tableCode": "anommain",
					"allowFilter": true,
					"pageSizes": [
						50,
						100,
						200,
						500
					],
					"filters": [
						{
							"name": "asset",
							"field": "asset_desc"
						},
						{
							"name": "anomtype",
							"field": "type_desc"
						},
						{
							"name": "year",
							"field": "RAISEDYEAR"
						}
					]
				}
			],
			"charts": [
			]
		},
		{
			"name": "anomStat",
			"label": "Anomaly Status",
			"nopad": true,
			"reportTitle": "Risk Level Status",
			"style": {
				"grid-template-HalfScreen": "auto 1fr auto 1fr / 1fr 1fr",
				"grid-template": "auto 1fr / 1fr 1fr",
				"grid-template-areas": "\"hdrStat_charts hdrStat_charts\" \"anomStat_list anomStat_pie\"",
				"gap": "3px"
			},
			"headers": [
				{
					"name": "hdrStat_charts",
					"items": [
						{
							"type": "filter",
							"name": "asset"
						},
						{
							"type": "filter",
							"name": "anomtype"
						},
						{
							"type": "filter",
							"name": "year"
						}
					]
				}
			],
			"tables": [
				{
					"name": "anomStat_list",
					"tableCode": "anommain",
					"gridColumnsDef": "gridColumnsStatus",
					"allowFilter": false,
					"noScroll":true,
					"noFooter":true,
					"noRowHilight":true,
					"filters": [
						{
							"name": "asset",
							"field": "asset_desc"
						},
						{
							"name": "anomtype",
							"field": "type_desc"
						},
						{
							"name": "year",
							"field": "RAISEDYEAR"
						}
					]
				}
			],
			"charts": [
				{
					"name": "anomStat_pie",
					"title": "Anomaly Status Performance in Percentage",
					"titleExpression": "Anomaly Status as per ${year} in Percentage",
					"dataFormat": "2%",
					"tableCode": "anomstatmain",
					"aggregate": "count(status_desc)",
					"series": "status_desc",
					"filters": [
						{
							"name": "asset",
							"field": "asset_desc"
						},
						{
							"name": "anomtype",
							"field": "type_desc"
						},
						{
							"name": "year",
							"field": "RAISEDYEAR",
							"operator": "="
						}
					],
					"seriesFixedTitles": [
						"OPEN",
						"CLOSED",
						"CANCELLED",
						"CONTAINED",
						"ISOLATED"
					],
					"useSeriesColors": true,
					"seriesTitles": [],
					"seriesData": [],
					"type": "pie",
					"wrapStyle": {
						"display": "grid",
						"grid-template": "1fr/1fr",
						"place-items": "center stretch",
						"background-color": "beige"
					},
					"bg": "magenta"
				}
				
			]
		}
	]
}